Ending Station ID,Starting Station ID,Duration,Duration_min,Distance,Price
0,2,1255.6363636363637,20.927272727272726,0.40760618710369956,1.75
0,4,1710.0,28.5,1.1711216811691938,1.75
0,7,857.1428571428571,14.285714285714286,1.480737033848055,1.75
0,14,1511.0204081632653,25.183673469387756,1.211309375539255,1.75
0,16,1221.578947368421,20.359649122807017,1.7815155888872967,1.75
0,17,984.0,16.4,0.9744308636058034,1.75
0,18,880.0,14.666666666666666,1.4183145789558969,1.75
0,19,1077.7777777777778,17.962962962962962,1.0249168040111507,1.75
0,20,1216.1194029850747,20.26865671641791,1.3016117136117897,1.75
0,28,966.2608695652174,16.104347826086958,0.8841092124265737,1.75
0,29,1996.578947368421,33.276315789473685,0.7687575306351214,3.5
0,32,1376.4705882352941,22.941176470588236,1.0003320460493748,1.75
0,33,617.1428571428571,10.285714285714286,1.0261292464707565,1.75
0,35,743.175965665236,12.3862660944206,0.9323356382381116,1.75
0,36,1089.2727272727273,18.154545454545456,0.5424350787158714,1.75
0,37,916.9491525423729,15.282485875706215,0.5114917196398341,1.75
0,38,600.0,10.0,0.8897758822872055,1.75
0,39,2245.2631578947367,37.421052631578945,2.043745669792927,3.5
0,40,958.7279151943463,15.978798586572438,0.741842470248163,1.75
0,44,1470.0,24.5,1.0574546124670403,1.75
0,46,850.9345794392524,14.182242990654206,1.2904618321376398,1.75
0,50,1676.0,27.933333333333334,2.3535090635804945,1.75
0,51,1084.5,18.075,0.7865699122868989,1.75
0,52,652.5,10.875,0.7980013943252886,1.75
0,53,1002.3529411764706,16.705882352941178,0.9049297726734262,1.75
0,57,1280.8695652173913,21.347826086956523,1.1179128190104404,1.75
0,60,3260.0,54.333333333333336,1.4435463098534658,3.5
1,2,813.75,13.5625,0.5101211531446115,1.75
1,4,745.7142857142857,12.428571428571429,0.8404087825768772,1.75
1,7,745.7142857142857,12.428571428571429,1.4200755693641232,1.75
1,14,756.0,12.6,1.3413647528169064,1.75
1,16,2184.705882352941,36.411764705882355,1.9290589028851453,3.5
1,17,1043.4146341463415,17.390243902439025,0.8844539326163916,1.75
1,18,6120.0,102.0,1.5125384064642184,7.0
1,19,643.8461538461538,10.73076923076923,0.89183267695669,1.75
1,20,1062.6923076923076,17.71153846153846,1.2350873147095833,1.75
1,28,624.1304347826087,10.402173913043478,0.6862609711125373,1.75
1,29,668.5714285714286,11.142857142857142,1.1092259283044026,1.75
1,32,6532.941176470588,108.88235294117646,1.0158284648764249,7.0
1,33,900.0,15.0,0.957501070229866,1.75
1,35,1012.0,16.866666666666667,1.141490372836169,1.75
1,36,1752.3076923076924,29.205128205128204,0.25585318426459497,1.75
1,37,600.8,10.013333333333334,0.8387389060088121,1.75
1,38,2820.0,47.0,0.7435150515033215,3.5
1,39,1410.0,23.5,1.749281201247029,1.75
1,40,1373.5714285714287,22.892857142857142,0.4342812299826253,1.75
1,44,532.5,8.875,0.7405382191111733,1.75
1,46,1134.7058823529412,18.91176470588235,1.1159881662474609,1.75
1,50,1128.0,18.8,2.407069799095737,1.75
1,51,498.94736842105266,8.31578947368421,0.5228573715587879,1.75
1,52,879.3103448275862,14.655172413793103,0.8788339869076967,1.75
1,53,1151.304347826087,19.18840579710145,0.8586398263556602,1.75
1,57,610.0,10.166666666666666,0.7710811420335039,1.75
3,2,1046.25,17.4375,0.760383142153159,1.75
3,4,1200.0,20.0,1.1293222419180111,1.75
3,14,1495.0,24.916666666666668,1.5550751797086944,1.75
3,16,1084.2857142857142,18.071428571428573,2.1155637079887306,1.75
3,17,941.5384615384615,15.692307692307692,1.305095752956692,1.75
3,18,1011.4285714285714,16.857142857142858,1.7674601170093147,1.75
3,19,997.5,16.625,1.341077399770003,1.75
3,20,1721.0526315789473,28.68421052631579,1.6419882139391258,1.75
3,28,880.0,14.666666666666666,1.1668174726322065,1.75
3,29,3053.846153846154,50.8974358974359,0.7392316632724363,3.5
3,32,1605.0,26.75,1.3519344473389243,1.75
3,33,772.3404255319149,12.872340425531915,0.7114551655566885,1.75
3,35,948.3333333333334,15.805555555555555,1.2524377637582433,1.75
3,36,961.4634146341464,16.024390243902438,0.7563768050657063,1.75
3,37,556.0714285714286,9.267857142857142,0.46202902698780735,1.75
3,40,1540.909090909091,25.681818181818183,0.9357744910408841,1.75
3,44,1026.6666666666667,17.11111111111111,0.9937900140998835,1.75
3,46,5916.0,98.6,1.590739131882414,7.0
3,50,1920.0,32.0,2.7054093281504805,3.5
3,51,1086.5217391304348,18.108695652173914,1.0230602038302175,1.75
3,52,902.0,15.033333333333333,1.1512552480084624,1.75
3,53,893.3333333333334,14.88888888888889,1.2461673112408773,1.75
3,57,1300.0,21.666666666666668,1.2214553553698837,1.75
5,2,1090.0,18.166666666666668,1.4178417623243484,1.75
5,4,795.0,13.25,1.135853433050938,1.75
5,7,960.0,16.0,2.4309166410646585,1.75
5,14,1357.5,22.625,2.234432378275065,1.75
5,16,1320.0,22.0,2.798587016490079,1.75
5,17,1035.0,17.25,1.8965555819192348,1.75
5,18,1700.0,28.333333333333332,2.4411875569035164,1.75
5,19,960.0,16.0,1.9041177941481915,1.75
5,20,2583.0,43.05,2.246094389569174,3.5
5,28,1182.857142857143,19.714285714285715,1.6864113742778986,1.75
5,29,1291.578947368421,21.526315789473685,1.2195009561836296,1.75
5,32,1530.0,25.5,1.9958633888479227,1.75
5,33,1630.5882352941176,27.176470588235293,0.1701293088876236,1.75
5,35,1089.6,18.16,1.935329195819988,1.75
5,36,1696.3636363636363,28.272727272727273,1.245717744591479,1.75
5,37,1825.7142857142858,30.428571428571427,1.0107332291817726,3.5
5,40,1125.0,18.75,1.3629953893455482,1.75
5,44,1290.0,21.5,0.9993887187665644,1.75
5,46,3240.0,54.0,2.11364248232652,3.5
5,51,3354.0,55.9,1.4924963426130777,3.5
5,52,1231.578947368421,20.526315789473685,1.8144499783270234,1.75
5,53,1380.0,23.0,1.8614186756946987,1.75
5,60,870.0,14.5,1.2786425180850396,1.75
6,2,2203.6363636363635,36.72727272727273,1.5312287654529344,3.5
6,4,1163.2941176470588,19.388235294117646,2.38470825717108,1.75
6,7,622.2857142857143,10.371428571428572,0.5053282280467976,1.75
6,14,741.9512195121952,12.365853658536585,0.9599579106401297,1.75
6,16,535.2380952380952,8.920634920634921,0.9509548054659752,1.75
6,17,666.3414634146342,11.105691056910569,1.0338903516817577,1.75
6,18,1387.7777777777778,23.12962962962963,0.7393436696125216,1.75
6,19,2088.0,34.8,1.0630025157499514,3.5
6,20,499.971181556196,8.332853025936599,0.6854134086768412,1.75
6,28,628.2352941176471,10.470588235294118,1.3140137026431256,1.75
6,29,1650.0,27.5,2.382855797579867,1.75
6,32,774.1935483870968,12.903225806451612,0.9385521501392141,1.75
6,33,11860.0,197.66666666666666,2.869466303128648,12.25
6,35,714.0983606557377,11.901639344262295,1.3291561073447609,1.75
6,36,3641.6666666666665,60.69444444444444,1.7142883011051433,5.25
6,37,3404.0,56.733333333333334,2.2824913798301414,3.5
6,39,1248.5714285714287,20.80952380952381,1.6959378510221546,1.75
6,40,752.7777777777778,12.546296296296296,1.6826287015034467,1.75
6,44,2400.0,40.0,2.387105592748764,3.5
6,46,1033.953488372093,17.232558139534884,0.9897179526872397,1.75
6,50,813.8613861386139,13.564356435643564,0.666133597567158,1.75
6,51,817.4117647058823,13.623529411764705,1.5354417916639356,1.75
6,52,916.4285714285714,15.273809523809524,1.1630870941540103,1.75
6,53,1373.525179856115,22.892086330935253,1.055402161581553,1.75
6,57,1147.0588235294117,19.11764705882353,1.935042457627199,1.75
6,60,1140.0,19.0,2.598831953052977,1.75
8,2,509.25,8.4875,0.7969379871379829,1.75
8,4,1050.0,17.5,0.779248581836354,1.75
8,7,1005.0,16.75,1.7520757180580382,1.75
8,14,660.0,11.0,1.63696596599231,1.75
8,16,1272.0,21.2,2.2204025380451666,1.75
8,17,1200.0,20.0,1.2163257667827354,1.75
8,18,705.0,11.75,1.8220118362293714,1.75
8,19,774.5454545454545,12.909090909090908,1.2197242055275959,1.75
8,20,960.0,16.0,1.5670804569095829,1.75
8,28,890.0,14.833333333333334,1.0026301675248146,1.75
8,29,675.0,11.25,1.0834436091864519,1.75
8,33,795.0,13.25,0.6257984977347947,1.75
8,35,934.2857142857143,15.571428571428571,1.395185649493446,1.75
8,36,916.3636363636364,15.272727272727273,0.5618211879196818,1.75
8,37,750.0,12.5,0.8027893018555626,1.75
8,40,626.25,10.4375,0.6957122942020095,1.75
8,44,405.0,6.75,0.6451504612753345,1.75
8,46,1090.0,18.166666666666668,1.4312735962697392,1.75
8,50,780.0,13.0,2.7302377530121182,1.75
8,51,6617.142857142857,110.28571428571429,0.8155260896255291,7.0
8,52,2581.4285714285716,43.023809523809526,1.1861662233674206,3.5
8,53,1202.2222222222222,20.037037037037038,1.1897297230573518,1.75
8,57,927.0,15.45,0.9016831045740112,1.75
8,60,1037.142857142857,17.285714285714285,1.0314399005460866,1.75
9,2,594.5454545454545,9.909090909090908,1.263785987933529,1.75
9,4,600.0,10.0,0.5092334269467013,1.75
9,7,998.8235294117648,16.647058823529413,2.09544271043743,1.75
9,14,14676.0,244.6,2.097447740987965,15.75
9,16,6015.0,100.25,2.6852807954459608,7.0
9,17,657.9310344827586,10.96551724137931,1.569521538214059,1.75
9,18,17910.0,298.5,2.2638625634141216,17.5
9,19,840.0,14.0,1.5387785289996052,1.75
9,20,857.3684210526316,14.289473684210526,1.9143697711006344,1.75
9,28,862.8571428571429,14.380952380952381,1.2925020145867463,1.75
9,32,1188.0,19.8,1.7520540318348305,1.75
9,33,274.44976076555025,4.574162679425838,0.46921043483323566,1.75
9,35,830.0,13.833333333333334,1.8840134847918517,1.75
9,36,429.09090909090907,7.151515151515151,0.8919103954570513,1.75
9,37,998.1818181818181,16.636363636363637,1.2540204840119118,1.75
9,39,1155.0,19.25,1.978129603050327,1.75
9,40,900.0,15.0,0.9269236308952944,1.75
9,44,954.5454545454545,15.909090909090908,0.37786379061459685,1.75
9,46,973.3333333333334,16.22222222222222,1.6890031588166838,1.75
9,50,1414.2857142857142,23.571428571428573,3.137989258926558,1.75
9,51,745.7142857142857,12.428571428571429,1.0736096226212386,1.75
9,52,672.0,11.2,1.6334629878582008,1.75
9,53,1096.875,18.28125,1.573744814868584,1.75
9,57,480.0,8.0,0.8863601131191129,1.75
9,60,517.5,8.625,0.6651636886932369,1.75
10,4,750.0,12.5,1.1510444547409562,1.75
10,7,1080.0,18.0,2.970277698964354,1.75
10,17,7032.0,117.2,2.453080092740048,7.0
10,19,780.0,13.0,2.4128045608726887,1.75
10,28,913.8461538461538,15.23076923076923,2.1618646085102147,1.75
10,33,450.0,7.5,0.8721277134013058,1.75
10,36,1020.0,17.0,1.7814485892599543,1.75
10,37,1094.1176470588234,18.235294117647058,1.9648226560971773,1.75
10,39,1560.0,26.0,2.6072831265794414,1.75
10,40,1968.0,32.8,1.7931768287118497,3.5
10,51,989.0322580645161,16.483870967741936,1.9405078108829912,1.75
10,53,2077.5,34.625,2.4638756682920038,3.5
10,57,920.0,15.333333333333334,1.628679002408954,1.75
10,60,900.0,15.0,1.059935840363567,1.75
11,2,1802.857142857143,30.047619047619047,1.5015896132266144,3.5
11,7,743.1818181818181,12.386363636363637,0.7998849957678039,1.75
11,14,1010.7692307692307,16.846153846153847,1.526930066913772,1.75
11,16,960.0,16.0,1.8568077968524288,1.75
11,17,1058.8235294117646,17.647058823529413,0.9256820345773545,1.75
11,18,1002.3529411764706,16.705882352941178,1.440385561645454,1.75
11,19,2617.1428571428573,43.61904761904762,0.8247197022145658,3.5
11,20,551.3924050632911,9.189873417721518,0.8117457628259483,1.75
11,28,964.1379310344828,16.06896551724138,0.9259369379228057,1.75
11,29,2055.0,34.25,2.5026758355099576,3.5
11,32,610.9090909090909,10.181818181818182,1.1430617879304183,1.75
11,33,1500.0,25.0,2.445083420437744,1.75
11,35,698.1818181818181,11.636363636363637,1.7408264827779052,1.75
11,36,1231.304347826087,20.52173913043478,1.3379197349029603,1.75
11,37,1470.0,24.5,2.2966410388054572,1.75
11,39,3517.5,58.625,0.6242643385440432,3.5
11,40,952.5,15.875,1.1888409718629456,1.75
11,44,1710.0,28.5,1.7302936402991411,1.75
11,46,762.3529411764706,12.705882352941176,0.5400215764991748,1.75
11,50,790.0,13.166666666666666,1.7342932917777352,1.75
11,51,748.1632653061224,12.46938775510204,1.0725068269433178,1.75
11,52,733.2352941176471,12.220588235294118,1.3500235897067039,1.75
11,53,1057.1830985915492,17.619718309859156,1.0452238195273078,1.75
11,57,831.4285714285714,13.857142857142858,1.1944638610300042,1.75
12,2,1746.5217391304348,29.108695652173914,1.7963599532151346,1.75
12,7,940.8,15.68,0.9565398737515225,1.75
12,14,1006.6666666666666,16.77777777777778,1.7171412891026232,1.75
12,16,910.0,15.166666666666666,1.9637862772699177,1.75
12,17,800.2325581395348,13.337209302325581,1.2033196671899165,1.75
12,18,1328.5714285714287,22.142857142857142,1.5928800798294884,1.75
12,19,877.3333333333334,14.622222222222222,1.1148136520811287,1.75
12,20,735.0,12.25,1.0219886759580983,1.75
12,28,1424.1025641025642,23.735042735042736,1.2401303549679572,1.75
12,29,1932.0,32.2,2.7959239952674353,3.5
12,32,650.4545454545455,10.840909090909092,1.3827193000033484,1.75
12,33,2508.0,41.8,2.766811333567868,3.5
12,35,934.2857142857143,15.571428571428571,1.9732728789336158,1.75
12,36,3094.8387096774195,51.58064516129032,1.6583869576739287,3.5
12,37,3270.0,54.5,2.5991947725666606,3.5
12,39,1491.4285714285713,24.857142857142858,0.7223788983650294,1.75
12,40,907.012987012987,15.116883116883116,1.5114897796525313,1.75
12,44,1200.0,20.0,2.040396345553216,1.75
12,46,572.4324324324324,9.54054054054054,0.8339099086618653,1.75
12,50,1303.6363636363637,21.727272727272727,1.706137713446091,1.75
12,51,827.1428571428571,13.785714285714286,1.393879736845833,1.75
12,52,1157.7777777777778,19.296296296296298,1.6069267440527921,1.75
12,53,1113.5172413793102,18.55862068965517,1.3161733513642015,1.75
12,57,793.3333333333334,13.222222222222221,1.5019091063246395,1.75
13,2,760.0,12.666666666666666,1.1060607936639888,1.75
13,4,1440.0,24.0,1.759911486757752,1.75
13,7,260.37735849056605,4.339622641509434,0.19955033491244248,1.75
13,14,845.3333333333334,14.088888888888889,0.9282385801398073,1.75
13,16,845.0,14.083333333333334,1.2602786695785768,1.75
13,17,2383.9024390243903,39.73170731707317,0.5105441243662204,3.5
13,18,884.3478260869565,14.73913043478261,0.8330853600095918,1.75
13,19,618.4615384615385,10.307692307692308,0.4858263444463802,1.75
13,20,571.8120805369127,9.53020134228188,0.2307715944167855,1.75
13,28,1121.842105263158,18.69736842105263,0.7193195903919689,1.75
13,29,1350.0,22.5,2.075907356047606,1.75
13,32,755.625,12.59375,0.6024266691837591,1.75
13,33,2460.0,41.0,2.3218856296538557,3.5
13,35,910.9090909090909,15.181818181818182,1.181957498778297,1.75
13,36,1205.4545454545455,20.09090909090909,1.1501130837211853,1.75
13,37,1174.054054054054,19.56756756756757,1.9137694148853202,1.75
13,39,684.0,11.4,1.1960483590374165,1.75
13,40,748.2352941176471,12.470588235294118,1.0835367982182884,1.75
13,44,1230.0,20.5,1.771063413762939,1.75
13,46,594.5454545454545,9.909090909090908,0.35627146764160744,1.75
13,50,1413.3333333333333,23.555555555555557,1.277111154678517,1.75
13,51,1206.3157894736842,20.105263157894736,0.9366854335803373,1.75
13,52,1040.4545454545455,17.34090909090909,0.8400630447991863,1.75
13,53,2856.521739130435,47.608695652173914,0.5907986020842692,3.5
13,57,720.0,12.0,1.303514193115294,1.75
15,2,2574.0,42.9,2.036344193348504,3.5
15,4,780.0,13.0,1.1472175781275795,1.75
15,17,5880.0,98.0,2.380075757510111,7.0
15,18,660.0,11.0,3.0560126683663964,1.75
15,20,7920.0,132.0,2.725055294223994,8.75
15,28,3214.285714285714,53.57142857142857,2.1009464008912024,3.5
15,29,1275.0,21.25,2.023216452365322,1.75
15,32,1080.0,18.0,2.554955144630964,1.75
15,33,1984.2857142857142,33.07142857142857,0.7073545379497148,3.5
15,36,1980.0,33.0,1.70137330576757,3.5
15,37,2916.0,48.6,1.8006757192664726,3.5
15,40,7050.0,117.5,1.7335283517170257,7.0
15,44,797.6470588235294,13.294117647058824,1.0789690824270861,1.75
15,46,1786.6666666666667,29.77777777777778,2.4879889114958478,1.75
15,50,1860.0,31.0,3.9443895112988776,3.5
15,51,1890.0,31.5,1.8808510476085831,3.5
15,52,1293.3333333333333,21.555555555555557,2.4209024158035275,1.75
15,53,1344.0,22.4,2.381711798550788,1.75
15,57,900.0,15.0,1.6154878620035569,1.75
15,60,855.0,14.25,1.1023864114050141,1.75
21,2,525.8823529411765,8.764705882352942,0.5896439289504048,1.75
21,4,1680.0,28.0,0.7714053827833814,1.75
21,7,1441.0434782608695,24.017391304347825,1.1905056246709038,1.75
21,14,2275.3846153846152,37.92307692307692,1.2997105020731254,3.5
21,16,1034.2857142857142,17.238095238095237,1.8778633452613844,1.75
21,17,399.2079207920792,6.653465346534653,0.669472400098913,1.75
21,18,850.0,14.166666666666666,1.4236359720816527,1.75
21,19,1506.2068965517242,25.103448275862068,0.6341000886532082,1.75
21,20,612.2950819672132,10.204918032786885,1.0101598816517743,1.75
21,28,2130.8333333333335,35.513888888888886,0.3909009178380542,3.5
21,29,1383.157894736842,23.05263157894737,1.4220429301406392,1.75
21,32,420.0,7.0,0.8889226526710002,1.75
21,33,5665.263157894737,94.42105263157895,1.222452286429477,7.0
21,35,766.7647058823529,12.779411764705882,1.199275218986051,1.75
21,36,2169.090909090909,36.15151515151515,0.11216902150850588,3.5
21,37,864.5454545454545,14.409090909090908,1.1643302135166993,1.75
21,39,910.9090909090909,15.181818181818182,1.4000272020303788,1.75
21,40,3726.153846153846,62.1025641025641,0.08755388520029043,5.25
21,44,992.7272727272727,16.545454545454547,0.7277211357253214,1.75
21,46,973.7142857142857,16.228571428571428,0.8085499684185283,1.75
21,50,953.6842105263158,15.894736842105264,2.2497526296658394,1.75
21,51,2618.64406779661,43.644067796610166,0.1846690020925385,3.5
21,52,797.4683544303797,13.291139240506329,0.8370714071942448,1.75
21,53,601.6363636363636,10.027272727272727,0.6914871328312578,1.75
21,57,933.75,15.5625,0.5094352616702644,1.75
21,60,820.0,13.666666666666666,1.037216119861266,1.75
22,2,4601.25,76.6875,0.11942973070919101,5.25
22,4,780.0,13.0,1.2541297525664776,1.75
22,7,1904.0,31.733333333333334,1.1981170025520125,3.5
22,14,588.75,9.8125,0.9469991219346652,1.75
22,16,768.75,12.8125,1.528347911394417,1.75
22,17,1041.4285714285713,17.357142857142858,0.7074529939734069,1.75
22,18,1110.0,18.5,1.1427020377866492,1.75
22,19,708.0,11.8,0.7740691342058608,1.75
22,20,868.421052631579,14.473684210526315,1.0216909255640212,1.75
22,28,706.6666666666666,11.777777777777779,0.6800804051707636,1.75
22,29,4582.5,76.375,0.9225976568776401,5.25
22,32,2142.8571428571427,35.714285714285715,0.7121847655041114,3.5
22,33,721.9354838709677,12.03225806451613,1.288678016423461,1.75
22,35,525.6818181818181,8.761363636363637,0.7145724001466521,1.75
22,36,385.2,6.42,0.4756453853893657,1.75
22,37,328.125,5.46875,0.7138781171711438,1.75
22,38,480.0,8.0,1.121156571568563,1.75
22,39,1050.0,17.5,1.8857100879473532,1.75
22,40,1558.2857142857142,25.97142857142857,0.6585244775906643,1.75
22,44,700.0,11.666666666666666,1.1640914352583278,1.75
22,46,1032.0,17.2,1.0519749708093475,1.75
22,50,1260.0,21.0,2.0712162048554776,1.75
22,51,483.5897435897436,8.05982905982906,0.6480735286462413,1.75
22,52,652.8,10.88,0.5138532305774184,1.75
22,53,1225.7142857142858,20.428571428571427,0.6264346502226213,1.75
22,57,1587.6923076923076,26.46153846153846,1.0852840670817114,1.75
23,2,3345.0,55.75,0.9301584293647546,3.5
23,4,500.0,8.333333333333334,0.3913895709819984,1.75
23,7,3210.0,53.5,1.6375703879733858,3.5
23,14,660.0,11.0,1.7221461264271085,1.75
23,16,1122.0,18.7,2.3074482423066853,1.75
23,17,580.0,9.666666666666666,1.1220269268839893,1.75
23,18,1515.0,25.25,1.8634218497323367,1.75
23,19,1392.0,23.2,1.0797706852192497,1.75
23,20,1145.4545454545455,19.09090909090909,1.459445990023618,1.75
23,28,3073.6363636363635,51.22727272727273,0.8296013407564814,3.5
23,29,1320.0,22.0,1.4957612713630382,1.75
23,33,586.1538461538462,9.76923076923077,0.8658035975709814,1.75
23,35,660.0,11.0,1.5676654168808248,1.75
23,36,800.0,13.333333333333334,0.4699823149067148,1.75
23,40,1820.0,30.333333333333332,0.46112010077641935,3.5
23,44,454.2857142857143,7.571428571428571,0.29874987847178913,1.75
23,46,585.0,9.75,1.2180549787551502,1.75
23,51,560.0,9.333333333333334,0.6086375135869697,1.75
23,52,1292.7272727272727,21.545454545454547,1.2533701123927175,1.75
23,53,1011.25,16.854166666666668,1.1420233990346023,1.75
23,57,285.0,4.75,0.47985594608654375,1.75
23,60,1110.0,18.5,0.6678699914631122,1.75
24,2,477.39130434782606,7.956521739130435,1.08706050771591,1.75
24,4,5960.0,99.33333333333333,0.84579527324247,7.0
24,7,990.0,16.5,2.0613285626042703,1.75
24,14,870.0,14.5,1.9224084438832327,1.75
24,16,1353.3333333333333,22.555555555555557,2.5002819812601342,1.75
24,17,1215.0,20.25,1.5255195842565676,1.75
24,18,630.0,10.5,2.116012566506188,1.75
24,19,1234.2857142857142,20.571428571428573,1.5267917878978179,1.75
24,20,1489.655172413793,24.82758620689655,1.8763214609130243,1.75
24,28,1952.608695652174,32.54347826086956,1.3046612457003879,3.5
24,29,720.0,12.0,1.1473954573291374,1.75
24,32,14400.0,240.0,1.645538861150296,15.75
24,33,398.5074626865672,6.641791044776119,0.31795713910118467,1.75
24,35,1180.0,19.666666666666668,1.6558028051803015,1.75
24,36,874.2857142857143,14.571428571428571,0.864631433765223,1.75
24,37,426.88524590163934,7.114754098360656,0.8862734328206733,1.75
24,39,2340.0,39.0,2.1991607475802164,3.5
24,40,711.0,11.85,0.9789853660238352,1.75
24,44,1090.0,18.166666666666668,0.7024404779761623,1.75
24,46,875.4545454545455,14.590909090909092,1.730773239700856,1.75
24,50,3882.8571428571427,64.71428571428571,3.032617414227533,5.25
24,51,3570.0,59.5,1.1087476190738204,3.5
24,52,502.6666666666667,8.377777777777778,1.4816190410885122,1.75
24,53,1049.0,17.483333333333334,1.4984529299731295,1.75
24,57,608.5714285714286,10.142857142857142,1.1032327841962621,1.75
25,2,1069.2,17.82,0.55416396921435,1.75
25,4,720.0,12.0,1.2114282503793607,1.75
25,7,3270.0,54.5,1.6327924746696671,3.5
25,14,1189.655172413793,19.82758620689655,1.3301268960600552,1.75
25,16,1015.609756097561,16.926829268292682,1.8890775995265099,1.75
25,17,1107.5675675675675,18.45945945945946,1.1291007206220078,1.75
25,18,2144.0,35.733333333333334,1.5450226071605306,3.5
25,19,949.0909090909091,15.818181818181818,1.179440303065608,1.75
25,20,1318.0645161290322,21.967741935483872,1.4546161165972955,1.75
25,28,1025.9016393442623,17.098360655737704,1.03359513006293,1.75
25,29,2502.222222222222,41.7037037037037,0.6681054150061482,3.5
25,32,982.5,16.375,1.1466790922078305,1.75
25,33,929.5384615384615,15.492307692307692,0.9321610611466294,1.75
25,35,888.5714285714286,14.80952380952381,1.02640592936844,1.75
25,36,479.0769230769231,7.984615384615385,0.6690837464142456,1.75
25,37,2698.6206896551726,44.97701149425287,0.3937436623381184,3.5
25,39,2280.0,38.0,2.1768620402702687,3.5
25,40,801.1111111111111,13.351851851851851,0.8652738982915801,1.75
25,44,1248.0,20.8,1.0870650353400748,1.75
25,46,1067.3684210526317,17.789473684210527,1.4436874809461955,1.75
25,50,2382.7659574468084,39.712765957446805,2.4853907711634076,3.5
25,51,635.7894736842105,10.596491228070175,0.923830781086508,1.75
25,52,952.8813559322034,15.88135593220339,0.9361869360924158,1.75
25,53,1322.7906976744187,22.046511627906977,1.0580148298031977,1.75
25,57,996.0,16.6,1.2143013807933856,1.75
25,60,1080.0,18.0,1.4760797875413771,1.75
26,2,2550.0,42.5,2.1009542408812787,3.5
26,7,913.6363636363636,15.227272727272727,1.523867851611781,1.75
26,14,934.2857142857143,15.571428571428571,2.2451820587671514,1.75
26,17,886.6666666666666,14.777777777777779,1.5859702508584708,1.75
26,19,846.6666666666666,14.11111111111111,1.4686707443107474,1.75
26,20,720.0,12.0,1.530076528732037,1.75
26,28,3450.0,57.5,1.4836010989836248,3.5
26,29,1530.0,25.5,3.0817016645740867,1.75
26,32,2889.230769230769,48.15384615384615,1.83908019583739,3.5
26,33,1404.0,23.4,2.7490740358273573,1.75
26,35,1215.0,20.25,2.433464877146175,1.75
26,36,4020.0,67.0,1.8079590065582234,5.25
26,37,1640.0,27.333333333333332,2.8460649251190624,1.75
26,39,826.6666666666666,13.777777777777779,0.32128530436463043,1.75
26,40,3788.2758620689656,63.13793103448276,1.6196934465038066,5.25
26,46,1083.3333333333333,18.055555555555557,1.2005955490583755,1.75
26,50,1560.0,26.0,2.3769344175565843,1.75
26,51,759.0,12.65,1.5509348050300482,1.75
26,52,1644.7058823529412,27.41176470588235,2.0243852944969127,1.75
26,53,1725.0,28.75,1.7103333901082087,1.75
26,57,1452.0,24.2,1.4221553838029029,1.75
26,60,1080.0,18.0,1.854761533980916,1.75
27,2,1314.0,21.9,2.431430042359817,1.75
27,4,1050.0,17.5,1.9265854822332584,1.75
27,7,1060.0,17.666666666666668,1.9509794254153816,1.75
27,14,855.0,14.25,2.6550280880855235,1.75
27,16,1968.0,32.8,3.0085985182782133,3.5
27,17,1710.0,28.5,1.9617854291345398,1.75
27,18,930.0,15.5,2.587880400838409,1.75
27,19,798.0,13.3,1.8396512249121493,1.75
27,20,2990.769230769231,49.84615384615385,1.9437291020050482,3.5
27,28,1082.4,18.04,1.8140081306200084,1.75
27,29,1320.0,22.0,3.3831205864566885,1.75
27,32,1080.0,18.0,2.2320033411646807,1.75
27,33,1740.0,29.0,2.8938567175483825,1.75
27,35,1320.0,22.0,2.8187483861147733,1.75
27,36,1608.0,26.8,2.080194317974025,1.75
27,37,990.0,16.5,3.1327059248094327,1.75
27,39,1308.0,21.8,0.6033588040739015,1.75
27,40,685.0,11.416666666666666,1.8827349249616647,1.75
27,46,1272.6315789473683,21.210526315789473,1.5885116239056811,1.75
27,50,1546.6666666666667,25.77777777777778,2.8140949000955713,1.75
27,51,2376.0,39.6,1.8411077235626767,3.5
27,52,1146.0,19.1,2.400494959952389,1.75
27,53,1221.8181818181818,20.363636363636363,2.086025144898301,1.75
27,57,925.2631578947369,15.421052631578947,1.6003409542345928,1.75
30,2,2358.9473684210525,39.31578947368421,1.2853595629570413,3.5
30,4,1453.3333333333333,24.22222222222222,1.7673920451123728,1.75
30,7,631.9047619047619,10.531746031746032,0.41560749367137206,1.75
30,14,712.9824561403509,11.883040935672515,1.1630193749458613,1.75
30,16,1064.4444444444443,17.74074074074074,1.4691180865501228,1.75
30,17,482.5837320574163,8.043062200956937,0.68077859330905,1.75
30,18,972.0,16.2,1.0589653445279401,1.75
30,19,1476.5454545454545,24.60909090909091,0.6190622314934856,1.75
30,20,444.33673469387753,7.405612244897959,0.46136446995541863,1.75
30,28,514.0645161290323,8.567741935483872,0.8108961899736078,1.75
30,29,1816.0,30.266666666666666,2.273259419018844,3.5
30,32,677.1428571428571,11.285714285714286,0.8253167902447573,1.75
30,33,1477.8947368421052,24.63157894736842,2.415742505588174,1.75
30,35,587.9032258064516,9.798387096774194,1.4129333370921235,1.75
30,36,814.0,13.566666666666666,1.2517662949415855,1.75
30,37,1787.3684210526317,29.789473684210527,2.096236450951326,1.75
30,39,642.6923076923077,10.711538461538462,1.0004653907286019,1.75
30,40,814.5652173913044,13.576086956521738,1.1508603751047246,1.75
30,44,2376.0,39.6,1.7974374184320503,3.5
30,46,5029.2307692307695,83.82051282051282,0.3848437988206159,5.25
30,50,3795.8823529411766,63.26470588235294,1.389705370540769,5.25
30,51,736.5,12.275,1.0104436331843558,1.75
30,52,819.047619047619,13.65079365079365,1.055829329370876,1.75
30,53,1219.2233009708739,20.320388349514563,0.781328251738231,1.75
30,57,744.0,12.4,1.294096842464052,1.75
30,60,900.0,15.0,1.9500443661049522,1.75
31,2,2280.0,38.0,2.1477102100883685,3.5
31,4,1620.0,27.0,0.8447582501166027,1.75
31,7,1410.0,23.5,2.67430598894974,1.75
31,14,1320.0,22.0,2.914389458858728,1.75
31,20,2700.0,45.0,2.5200625545600857,3.5
31,28,1950.0,32.5,1.9079044603521005,3.5
31,29,1920.0,32.0,2.5656281826832066,3.5
31,33,1090.909090909091,18.181818181818183,1.3687753999758632,1.75
31,36,7320.0,122.0,1.6678417553129237,8.75
31,39,1170.0,19.5,1.9416689890724104,1.75
31,40,1800.0,30.0,1.5799596126706064,3.5
31,44,1980.0,33.0,0.9203720451358137,3.5
31,46,1420.0,23.666666666666668,2.1713810732280443,1.75
31,51,900.0,15.0,1.7063776418868004,1.75
31,57,880.0,14.666666666666666,1.2309084064728355,1.75
31,60,970.9090909090909,16.181818181818183,0.5804827866083438,1.75
34,2,932.1428571428571,15.535714285714286,1.7805232269235136,1.75
34,7,733.3333333333334,12.222222222222221,1.202847536906377,1.75
34,14,1234.2857142857142,20.571428571428573,1.913455898830938,1.75
34,16,2046.6666666666667,34.111111111111114,2.261726731284355,3.5
34,17,5294.285714285715,88.23809523809524,1.2532454374224078,5.25
34,18,888.0,14.8,1.839953404521157,1.75
34,19,861.7241379310345,14.362068965517242,1.1373242916225692,1.75
34,20,1942.9411764705883,32.38235294117647,1.1992519471676995,3.5
34,28,961.0714285714286,16.017857142857142,1.1672167131970943,1.75
34,29,1790.0,29.833333333333332,2.7691290278024057,1.75
34,32,861.4285714285714,14.357142857142858,1.504650221998144,1.75
34,33,1340.8695652173913,22.347826086956523,2.524723836516057,1.75
34,35,1230.0,20.5,2.0992239846041403,1.75
34,36,1280.8695652173913,21.347826086956523,1.51815188074678,1.75
34,37,1436.6666666666667,23.944444444444443,2.540975721094957,1.75
34,39,6583.846153846154,109.73076923076923,0.25800871608168935,7.0
34,40,937.4025974025974,15.623376623376624,1.338369901610906,1.75
34,44,2850.0,47.5,1.7359633529708625,3.5
34,46,792.8571428571429,13.214285714285714,0.8666403774219786,1.75
34,50,940.0,15.666666666666666,2.1156932603630314,1.75
34,51,1742.0,29.033333333333335,1.2547763567320038,1.75
34,52,930.5882352941177,15.509803921568627,1.6911612375781135,1.75
34,53,1674.8275862068965,27.913793103448278,1.3774579379711478,1.75
34,57,710.7692307692307,11.846153846153847,1.2047348781064158,1.75
34,60,925.7142857142857,15.428571428571429,1.722967000192916,1.75
41,2,504.0,8.4,1.5415422751003454,1.75
41,4,440.0,7.333333333333333,0.853760651784422,1.75
41,14,1530.0,25.5,2.381385447266579,1.75
41,16,1080.0,18.0,2.9639644657213764,1.75
41,17,825.0,13.75,1.9167000934328442,1.75
41,18,826.829268292683,13.78048780487805,2.5653668471091122,1.75
41,19,1230.0,20.5,1.8969758112424548,1.75
41,20,1110.0,18.5,2.2658310223322853,1.75
41,28,810.0,13.5,1.6556737446604508,1.75
41,29,747.0,12.45,1.5720467330436718,1.75
41,33,322.9166666666667,5.381944444444445,0.2593608474080472,1.75
41,35,3000.0,50.0,2.1282862158118627,3.5
41,36,420.0,7.0,1.2363745792670529,1.75
41,37,727.5,12.125,1.3311807083827276,1.75
41,38,120.0,2.0,0.31595699635150765,1.75
41,44,445.7142857142857,7.428571428571429,0.7406733824008463,1.75
41,46,825.0,13.75,2.062090750924093,1.75
41,50,1280.0,21.333333333333332,3.46477574621303,1.75
41,51,29480.0,491.3333333333333,1.440589846541786,29.75
41,52,613.3333333333334,10.222222222222221,1.9295919520515337,1.75
41,53,680.0,11.333333333333334,1.908321870180557,1.75
41,57,660.0,11.0,1.2668248442412773,1.75
42,2,3580.0,59.666666666666664,1.9525511460451288,3.5
42,4,1410.0,23.5,1.3003820006780908,1.75
42,14,10340.0,172.33333333333334,2.7846430983939547,10.5
42,17,1122.0,18.7,2.371536563544366,1.75
42,18,1644.0,27.4,2.981612553248233,1.75
42,20,1120.0,18.666666666666668,2.7221569167143485,1.75
42,28,1500.0,25.0,2.1212704273347933,1.75
42,29,3660.0,61.0,1.7806158582050988,5.25
42,32,1260.0,21.0,2.5091813459828396,1.75
42,33,2002.5,33.375,0.5512639719334764,3.5
42,35,1020.0,17.0,2.5013725207434883,1.75
42,36,780.0,13.0,1.694340963708415,1.75
42,37,1238.1818181818182,20.636363636363637,1.5864434296317989,1.75
42,40,1100.0,18.333333333333332,1.7656345575709789,1.75
42,44,2328.0,38.8,1.2002763722871086,3.5
42,50,3570.0,59.5,3.898111883893698,3.5
42,51,1480.0,24.666666666666668,1.9086299628031964,1.75
42,52,1480.0,24.666666666666668,2.347711190422394,1.75
42,53,1170.0,19.5,2.3547407474189246,1.75
43,2,10896.0,181.6,2.2509270041812726,12.25
43,7,3885.0,64.75,1.7999796453994235,5.25
43,14,1290.0,21.5,2.4912893839025254,1.75
43,16,1290.0,21.5,2.8605349104956264,1.75
43,17,1221.8181818181818,20.363636363636363,1.7883057709186878,1.75
43,18,1170.0,19.5,2.4321830016761505,1.75
43,19,1211.6129032258063,20.193548387096776,1.6653537956773041,1.75
43,20,1507.5,25.125,1.7834631847142361,1.75
43,28,1102.7586206896551,18.379310344827587,1.634187621403827,1.75
43,29,30040.0,500.6666666666667,3.201456200879416,29.75
43,32,1152.0,19.2,2.062453742872367,1.75
43,33,1680.0,28.0,2.726892636193355,1.75
43,35,1920.0,32.0,2.645859312507753,3.5
43,36,4492.941176470588,74.88235294117646,1.8986252538533506,5.25
43,37,1118.1818181818182,18.636363636363637,2.9511113757623275,1.75
43,39,1356.0,22.6,0.42838859723025413,1.75
43,40,1109.5652173913043,18.492753623188406,1.7013156638200349,1.75
43,46,948.0,15.8,1.4192594945377583,1.75
43,50,1276.3636363636363,21.272727272727273,2.699616184762259,1.75
43,51,1265.4545454545455,21.09090909090909,1.6594088958070699,1.75
43,52,4524.0,75.4,2.2262631425830945,5.25
43,53,1211.25,20.1875,1.9122654853609877,1.75
43,57,1215.0,20.25,1.4250176910620913,1.75
45,2,1290.0,21.5,1.5408617163410845,1.75
45,4,2430.0,40.5,0.3113559823505679,3.5
45,7,2280.0,38.0,2.189901222486684,3.5
45,17,773.3333333333334,12.88888888888889,1.7015115963640055,1.75
45,28,920.0,15.333333333333334,1.3885847392539576,1.75
45,29,1314.0,21.9,1.9524085420703816,1.75
45,33,789.2307692307693,13.153846153846153,0.8640481266867013,1.75
45,36,1140.0,19.0,1.0815191657069405,1.75
45,37,1725.0,28.75,1.67613386336112,1.75
45,38,540.0,9.0,0.6630735931009515,1.75
45,40,510.0,8.5,1.0311440664490537,1.75
45,44,2040.0,34.0,0.32032831367164,3.5
45,46,1080.0,18.0,1.7205503278285716,1.75
45,51,800.0,13.333333333333334,1.1717570709755163,1.75
45,52,1575.0,26.25,1.8670842306906306,1.75
45,53,978.75,16.3125,1.7371239499424787,1.75
45,60,406.6666666666667,6.777777777777778,0.2598510334681914,1.75
47,2,1022.6865671641791,17.044776119402986,0.18980214190546482,1.75
47,4,1594.2857142857142,26.571428571428573,1.1956297961675284,1.75
47,7,604.0,10.066666666666666,0.9827738930770292,1.75
47,14,896.1290322580645,14.935483870967742,0.8876197776245741,1.75
47,16,849.6774193548387,14.161290322580646,1.4745953888570695,1.75
47,17,751.875,12.53125,0.4662081950296108,1.75
47,18,2262.8571428571427,37.714285714285715,1.043602700548979,3.5
47,19,1284.7058823529412,21.41176470588235,0.5210778844644308,1.75
47,20,1722.5,28.708333333333332,0.8004420446194743,1.75
47,28,4452.727272727273,74.21212121212122,0.43093734359634445,5.25
47,29,1565.0,26.083333333333332,1.1771810110234808,1.75
47,32,675.0,11.25,0.5436724681973056,1.75
47,33,1356.0,22.6,1.420891610327993,1.75
47,35,594.4444444444445,9.907407407407407,0.7598394793523009,1.75
47,36,1746.6666666666667,29.11111111111111,0.3722456270493647,1.75
47,37,840.0,14.0,0.9693994831707605,1.75
47,38,600.0,10.0,1.2166497164387733,1.75
47,39,1306.6666666666667,21.77777777777778,1.6441933829699558,1.75
47,40,551.1961722488038,9.186602870813397,0.5014890546683268,1.75
47,44,624.5454545454545,10.409090909090908,1.1313301299448766,1.75
47,46,604.8648648648649,10.08108108108108,0.7962721931261407,1.75
47,50,1146.4285714285713,19.107142857142858,1.9342285989658625,1.75
47,51,847.3469387755102,14.122448979591837,0.444383160114656,1.75
47,52,1292.9577464788733,21.549295774647888,0.41873004112913825,1.75
47,53,2470.188679245283,41.16981132075472,0.4060642181977628,3.5
47,57,1005.0,16.75,0.9367669351266594,1.75
47,60,780.0,13.0,1.4676805491306502,1.75
48,2,1552.450331125828,25.874172185430464,0.4067975856702727,1.75
48,4,1120.0,18.666666666666668,0.96666509375415,1.75
48,7,1293.0,21.55,1.3844614616040125,1.75
48,14,665.2941176470588,11.088235294117647,1.246128264996377,1.75
48,16,1136.6666666666667,18.944444444444443,1.8318757574042535,1.75
48,17,549.795918367347,9.16326530612245,0.8544214772290044,1.75
48,18,951.7241379310345,15.862068965517242,1.4277284342087602,1.75
48,19,720.0,12.0,0.879421807269346,1.75
48,20,2133.5714285714284,35.55952380952381,1.2002745411972244,3.5
48,28,710.8108108108108,11.846846846846846,0.7000798807342743,1.75
48,29,1140.0,19.0,1.0064110581121977,1.75
48,32,543.6734693877551,9.061224489795919,0.9503481807903027,1.75
48,33,661.8461538461538,11.03076923076923,1.0134244408794408,1.75
48,35,852.0,14.2,1.0275260784587368,1.75
48,36,608.0,10.133333333333333,0.31175810437296686,1.75
48,37,487.81065088757396,8.1301775147929,0.7435834934124713,1.75
48,39,1400.0,23.333333333333332,1.8196982928412793,1.75
48,40,528.1889763779527,8.803149606299213,0.5086687626966242,1.75
48,44,890.0,14.833333333333334,0.8655403689966125,1.75
48,46,991.1111111111111,16.51851851851852,1.1240332473068706,1.75
48,50,1338.0,22.3,2.337340465427861,1.75
48,51,895.3846153846154,14.923076923076923,0.5695271737325466,1.75
48,52,1344.0,22.4,0.791823808106975,1.75
48,53,777.1291866028708,12.952153110047847,0.8116829923516733,1.75
48,57,780.0,13.0,0.8800702153897587,1.75
48,60,900.0,15.0,1.243187838462098,1.75
49,2,1485.0,24.75,1.644719023003887,1.75
49,7,612.6315789473684,10.210526315789474,0.7912330916004325,1.75
49,14,705.0,11.75,0.9063769855877614,1.75
49,16,536.4705882352941,8.941176470588236,0.6636632707137592,1.75
49,17,1191.4285714285713,19.857142857142858,1.2554248150806957,1.75
49,18,4791.428571428572,79.85714285714286,0.6664326164260029,5.25
49,19,841.9354838709677,14.03225806451613,1.3163421528295733,1.75
49,20,855.7142857142857,14.261904761904763,0.9398404058152826,1.75
49,28,799.4444444444445,13.324074074074074,1.566269454317126,1.75
49,29,1980.0,33.0,2.3735220412537443,3.5
49,32,882.8571428571429,14.714285714285714,1.071767496741174,1.75
49,35,840.0,14.0,1.2864732910747285,1.75
49,36,2676.0,44.6,1.9221087734297142,3.5
49,39,1380.0,23.0,2.085072613611157,1.75
49,40,1156.3636363636363,19.272727272727273,1.9261095844028058,1.75
49,46,1176.0,19.6,1.308729849224448,1.75
49,50,681.8181818181819,11.363636363636363,0.3272045528552816,1.75
49,51,1101.1764705882354,18.352941176470587,1.7830702713202815,1.75
49,52,8780.0,146.33333333333334,1.2501479283329178,8.75
49,53,1308.5714285714287,21.80952380952381,1.23988291984582,1.75
49,57,1470.0,24.5,2.2287636037497616,1.75
54,2,757.5,12.625,0.814192072037728,1.75
54,4,2676.0,44.6,0.8620190369903493,3.5
54,7,1125.0,18.75,1.8038856232907388,1.75
54,14,975.0,16.25,1.6502437881550835,1.75
54,16,1044.0,17.4,2.229432435408959,1.75
54,17,919.0909090909091,15.318181818181818,1.2697134751472485,1.75
54,18,672.0,11.2,1.843302830328,1.75
54,19,1988.0,33.13333333333333,1.2804917927214985,3.5
54,20,1060.0,17.666666666666668,1.6190677350462095,1.75
54,28,936.0,15.6,1.0715599500049156,1.75
54,29,578.1818181818181,9.636363636363637,1.0081773915879506,1.75
54,32,4241.0526315789475,70.6842105263158,1.3762801397374513,5.25
54,33,357.04918032786884,5.950819672131147,0.5889261939645504,1.75
54,35,830.625,13.84375,1.3906009508734765,1.75
54,36,2485.3333333333335,41.422222222222224,0.6325832775751455,3.5
54,37,1387.9245283018868,23.132075471698112,0.7293575215118258,1.75
54,39,900.0,15.0,2.0596513558206686,1.75
54,40,617.1428571428571,10.285714285714286,0.7780277269045416,1.75
54,44,573.9130434782609,9.565217391304348,0.7249714877077061,1.75
54,46,1045.7142857142858,17.428571428571427,1.5012282278223026,1.75
54,50,1020.0,17.0,2.7612016154952395,1.75
54,51,940.9756097560976,15.682926829268293,0.8922522227242455,1.75
54,52,957.4468085106383,15.957446808510639,1.2089469333939418,1.75
54,53,3681.230769230769,61.353846153846156,1.2352964917567841,5.25
54,57,769.0909090909091,12.818181818181818,0.9954864437989642,1.75
54,60,810.0,13.5,1.1077439776158013,1.75
55,2,556.3636363636364,9.272727272727273,0.825936443421703,1.75
55,4,435.0,7.25,0.5048182111321204,1.75
55,7,840.0,14.0,1.5855861504547142,1.75
55,14,1035.0,17.25,1.63017575619775,1.75
55,16,1080.0,18.0,2.2171073296378454,1.75
55,17,989.0322580645161,16.483870967741936,1.0605274008255905,1.75
55,18,2560.0,42.666666666666664,1.779377061629262,3.5
55,19,1176.0,19.6,1.0292958630986928,1.75
55,20,2125.2631578947367,35.421052631578945,1.4044863838545025,3.5
55,28,985.1612903225806,16.419354838709676,0.7843362650115414,1.75
55,29,720.0,12.0,1.3885238454960624,1.75
55,32,1390.0,23.166666666666668,1.2559386410734628,1.75
55,33,1722.857142857143,28.714285714285715,0.8541571358375009,1.75
55,35,795.0,13.25,1.4633592229962156,1.75
55,36,664.7368421052631,11.078947368421053,0.3886907618490294,1.75
55,37,886.6666666666666,14.777777777777779,1.1086256335868043,1.75
55,39,1740.0,29.0,1.62287100315251,1.75
55,40,546.6666666666666,9.11111111111111,0.4238919783672761,1.75
55,44,348.0,5.8,0.4056283097017663,1.75
55,46,1864.0,31.066666666666666,1.1905178277055901,3.5
55,50,5661.818181818182,94.36363636363636,2.6345104537497392,7.0
55,51,1226.842105263158,20.44736842105263,0.5679735418590773,1.75
55,52,1048.0,17.466666666666665,1.1612901587476758,1.75
55,53,866.3414634146342,14.439024390243903,1.0701469441227918,1.75
55,57,645.0,10.75,0.5445779213694809,1.75
55,60,780.0,13.0,0.7807134006921059,1.75
56,2,793.8461538461538,13.23076923076923,0.9648322788505036,1.75
56,4,400.0,6.666666666666667,0.35607144198845236,1.75
56,7,787.5,13.125,1.558479350061247,1.75
56,14,720.0,12.0,1.7146767187526402,1.75
56,16,5415.0,90.25,2.2932739969046816,7.0
56,17,2067.0,34.45,1.0626939302040461,3.5
56,18,2540.0,42.333333333333336,1.8377319238234342,3.5
56,19,2592.0,43.2,1.0044036043352296,3.5
56,20,882.5,14.708333333333334,1.3860606131860134,1.75
56,28,505.88235294117646,8.431372549019608,0.752305840565058,1.75
56,32,1230.0,20.5,1.3014090625896395,1.75
56,33,675.3846153846154,11.256410256410257,1.0211162622229186,1.75
56,35,1185.0,19.75,1.5954326565750803,1.75
56,36,294.54545454545456,4.909090909090909,0.4706539893962377,1.75
56,37,915.0,15.25,1.3430669063651506,1.75
56,39,926.6666666666666,15.444444444444445,1.4140770615212153,1.75
56,40,865.2631578947369,14.421052631578947,0.39232212029013463,1.75
56,44,2760.0,46.0,0.32508436877368424,3.5
56,46,753.3333333333334,12.555555555555555,1.1110892553943226,1.75
56,50,1080.0,18.0,2.6437454211977838,1.75
56,51,537.8181818181819,8.963636363636363,0.5335510110328664,1.75
56,52,966.6666666666666,16.11111111111111,1.2501426908986726,1.75
56,53,821.5384615384615,13.692307692307692,1.0997304966727104,1.75
56,57,340.0,5.666666666666667,0.3163775246376515,1.75
56,60,345.0,5.75,0.6256907223196118,1.75
58,2,1626.6666666666667,27.11111111111111,1.8496811259359294,1.75
58,7,696.0,11.6,1.129589800787665,1.75
58,14,624.0,10.4,1.0348267429540638,1.75
58,16,930.0,15.5,0.573216946030367,1.75
58,17,2880.0,48.0,1.5450978789419794,3.5
58,18,6115.714285714285,101.92857142857143,0.8211453607061853,7.0
58,19,1242.0,20.7,1.621691353203164,1.75
58,20,934.7368421052631,15.578947368421053,1.259028374710366,1.75
58,28,1165.2631578947369,19.42105263157895,1.8650181635365137,1.75
58,29,1140.0,19.0,2.4569574343374936,1.75
58,32,2691.818181818182,44.86363636363637,1.318591518576511,3.5
58,35,756.0,12.6,1.3857247659846679,1.75
58,36,2045.0,34.083333333333336,2.1856967747588163,3.5
58,37,1380.0,23.0,2.4431171201023982,1.75
58,38,1200.0,20.0,3.0655973608673674,1.75
58,40,840.0,14.0,2.2130057861449823,1.75
58,44,1620.0,27.0,2.9262184721254583,1.75
58,46,800.0,13.333333333333334,1.6474154517000839,1.75
58,50,8252.0,137.53333333333333,0.24158826725869742,8.75
58,51,1038.9473684210527,17.31578947368421,2.0749359865364525,1.75
58,52,1030.0,17.166666666666668,1.4544984299630448,1.75
58,53,1385.7142857142858,23.095238095238095,1.5087811323054028,1.75
59,2,1420.0,23.666666666666668,1.7322948648940202,1.75
59,7,519.4871794871794,8.658119658119658,0.7266438627325414,1.75
59,14,615.0,10.25,1.4744966771122412,1.75
59,17,510.0,8.5,1.129669421732585,1.75
59,18,1380.0,23.0,1.312219044040293,1.75
59,19,624.0,10.4,1.0766994660335683,1.75
59,20,1840.5882352941176,30.676470588235293,0.8530338414159545,3.5
59,28,652.5,10.875,1.2678259570967303,1.75
59,29,1200.0,20.0,2.7074581771805875,1.75
59,32,930.0,15.5,1.2258717204731655,1.75
59,33,1320.0,22.0,2.8666043748486643,1.75
59,37,1080.0,18.0,2.542415350550531,1.75
59,39,1440.0,24.0,1.0965717453575965,1.75
59,40,1020.0,17.0,1.5979840319070722,1.75
59,46,480.0,8.0,0.8386137383794581,1.75
59,50,660.0,11.0,1.3128137904385349,1.75
59,51,766.1538461538462,12.76923076923077,1.4613219020957877,1.75
59,52,570.0,9.5,1.4674045342385835,1.75
59,53,540.0,9.0,1.2201941507229452,1.75
61,2,1080.0,18.0,1.846660878792293,1.75
61,4,2088.0,34.8,0.6303272560663717,3.5
61,7,1220.0,20.333333333333332,2.16351456983862,1.75
61,14,1140.0,19.0,2.519196823233402,1.75
61,17,1285.7142857142858,21.428571428571427,1.7799052229764196,1.75
61,20,1157.142857142857,19.285714285714285,2.02718662229355,1.75
61,28,600.0,10.0,1.4626881448023663,1.75
61,32,1560.0,26.0,2.067182982867953,1.75
61,33,1215.0,20.25,1.534190742852633,1.75
61,35,3327.2727272727275,55.45454545454545,2.459684702241592,3.5
61,36,22635.0,377.25,1.3461939796496125,22.75
61,37,1460.0,24.333333333333332,2.205936712483481,1.75
61,39,1144.6153846153845,19.076923076923077,1.3207099226531194,1.75
61,40,709.4117647058823,11.823529411764707,1.2010028196632931,1.75
61,44,820.0,13.666666666666666,0.7698762472459032,1.75
61,46,1260.0,21.0,1.6468297991113765,1.75
61,50,1432.5,23.875,3.2737882506930087,1.75
61,51,630.0,10.5,1.2952797393945774,1.75
61,53,2526.0,42.1,1.8572741524049428,3.5
61,57,3195.0,53.25,0.7778181640397376,3.5
61,60,220.0,3.6666666666666665,0.4232342966857801,1.75
62,2,1083.050847457627,18.050847457627118,1.4462770998517653,1.75
62,7,588.2352941176471,9.803921568627452,0.7069461561108676,1.75
62,14,920.0,15.333333333333334,1.43903403263914,1.75
62,16,968.5714285714286,16.142857142857142,1.7629466765069286,1.75
62,17,2650.5882352941176,44.1764705882353,0.8599002911350788,3.5
62,18,1288.125,21.46875,1.3484458061857096,1.75
62,19,890.8333333333334,14.847222222222221,0.7654883904346419,1.75
62,20,775.3012048192771,12.921686746987952,0.7249539464490165,1.75
62,28,1069.7142857142858,17.82857142857143,0.8880595579615409,1.75
62,29,5772.0,96.2,2.4467753074365626,7.0
62,32,473.84615384615387,7.897435897435898,1.0640140758319008,1.75
62,33,1642.5,27.375,2.436859324228716,1.75
62,35,915.0,15.25,1.6613565269794672,1.75
62,36,1741.132075471698,29.0188679245283,1.3110908209245287,1.75
62,37,2140.0,35.666666666666664,2.247198506706662,3.5
62,39,1892.2222222222222,31.537037037037038,0.7154802556148779,3.5
62,40,965.8823529411765,16.098039215686274,1.1722930927374322,1.75
62,44,2460.0,41.0,1.7432880722499522,3.5
62,46,1421.25,23.6875,0.48245458731673213,1.75
62,50,1230.0,20.5,1.6471382059578528,1.75
62,51,831.4893617021277,13.858156028368795,1.0487614615570384,1.75
62,52,730.6122448979592,12.17687074829932,1.2770058589810387,1.75
62,53,1259.4666666666667,20.99111111111111,0.9767630712937588,1.75
62,57,950.0,15.833333333333334,1.2122072484198367,1.75
62,60,900.0,15.0,1.839130098024195,1.75
