,Ending Station ID,Starting Station ID,Duration,Duration_min,Distance,Price
63,1,2,813.75,13.5625,0.5101211531446115,1.75
65,1,4,745.7142857142857,12.428571428571429,0.8404087825768772,1.75
68,1,7,745.7142857142857,12.428571428571429,1.4200755693641232,1.75
75,1,14,756.0,12.6,1.3413647528169064,1.75
77,1,16,2184.705882352941,36.411764705882355,1.9290589028851453,3.5
78,1,17,1043.4146341463415,17.390243902439025,0.8844539326163916,1.75
79,1,18,6120.0,102.0,1.5125384064642184,7.0
80,1,19,643.8461538461538,10.73076923076923,0.89183267695669,1.75
81,1,20,1062.6923076923076,17.71153846153846,1.2350873147095833,1.75
89,1,28,624.1304347826087,10.402173913043478,0.6862609711125373,1.75
90,1,29,668.5714285714286,11.142857142857142,1.1092259283044026,1.75
93,1,32,6532.941176470588,108.88235294117646,1.0158284648764249,7.0
94,1,33,900.0,15.0,0.957501070229866,1.75
96,1,35,1012.0,16.866666666666667,1.141490372836169,1.75
97,1,36,1752.3076923076924,29.205128205128204,0.25585318426459497,1.75
98,1,37,600.8,10.013333333333334,0.8387389060088121,1.75
99,1,38,2820.0,47.0,0.7435150515033215,3.5
100,1,39,1410.0,23.5,1.749281201247029,1.75
101,1,40,1373.5714285714287,22.892857142857142,0.4342812299826253,1.75
105,1,44,532.5,8.875,0.7405382191111733,1.75
107,1,46,1134.7058823529412,18.91176470588235,1.1159881662474609,1.75
111,1,50,1128.0,18.8,2.407069799095737,1.75
112,1,51,498.94736842105266,8.31578947368421,0.5228573715587879,1.75
113,1,52,879.3103448275862,14.655172413793103,0.8788339869076967,1.75
114,1,53,1151.304347826087,19.18840579710145,0.8586398263556602,1.75
118,1,57,610.0,10.166666666666666,0.7710811420335039,1.75
181,3,2,1046.25,17.4375,0.760383142153159,1.75
182,3,4,1200.0,20.0,1.1293222419180111,1.75
191,3,14,1495.0,24.916666666666668,1.5550751797086944,1.75
193,3,16,1084.2857142857142,18.071428571428573,2.1155637079887306,1.75
194,3,17,941.5384615384615,15.692307692307692,1.305095752956692,1.75
195,3,18,1011.4285714285714,16.857142857142858,1.7674601170093147,1.75
196,3,19,997.5,16.625,1.341077399770003,1.75
197,3,20,1721.0526315789473,28.68421052631579,1.6419882139391258,1.75
204,3,28,880.0,14.666666666666666,1.1668174726322065,1.75
205,3,29,3053.846153846154,50.8974358974359,0.7392316632724363,3.5
208,3,32,1605.0,26.75,1.3519344473389243,1.75
209,3,33,772.3404255319149,12.872340425531915,0.7114551655566885,1.75
211,3,35,948.3333333333334,15.805555555555555,1.2524377637582433,1.75
212,3,36,961.4634146341464,16.024390243902438,0.7563768050657063,1.75
213,3,37,556.0714285714286,9.267857142857142,0.46202902698780735,1.75
214,3,40,1540.909090909091,25.681818181818183,0.9357744910408841,1.75
218,3,44,1026.6666666666667,17.11111111111111,0.9937900140998835,1.75
220,3,46,5916.0,98.6,1.590739131882414,7.0
224,3,50,1920.0,32.0,2.7054093281504805,3.5
225,3,51,1086.5217391304348,18.108695652173914,1.0230602038302175,1.75
226,3,52,902.0,15.033333333333333,1.1512552480084624,1.75
227,3,53,893.3333333333334,14.88888888888889,1.2461673112408773,1.75
231,3,57,1300.0,21.666666666666668,1.2214553553698837,1.75
277,5,2,1090.0,18.166666666666668,1.4178417623243484,1.75
279,5,4,795.0,13.25,1.135853433050938,1.75
281,5,7,960.0,16.0,2.4309166410646585,1.75
287,5,14,1357.5,22.625,2.234432378275065,1.75
289,5,16,1320.0,22.0,2.798587016490079,1.75
290,5,17,1035.0,17.25,1.8965555819192348,1.75
291,5,18,1700.0,28.333333333333332,2.4411875569035164,1.75
292,5,19,960.0,16.0,1.9041177941481915,1.75
293,5,20,2583.0,43.05,2.246094389569174,3.5
300,5,28,1182.857142857143,19.714285714285715,1.6864113742778986,1.75
301,5,29,1291.578947368421,21.526315789473685,1.2195009561836296,1.75
304,5,32,1530.0,25.5,1.9958633888479227,1.75
305,5,33,1630.5882352941176,27.176470588235293,0.1701293088876236,1.75
307,5,35,1089.6,18.16,1.935329195819988,1.75
308,5,36,1696.3636363636363,28.272727272727273,1.245717744591479,1.75
309,5,37,1825.7142857142858,30.428571428571427,1.0107332291817726,3.5
310,5,40,1125.0,18.75,1.3629953893455482,1.75
314,5,44,1290.0,21.5,0.9993887187665644,1.75
316,5,46,3240.0,54.0,2.11364248232652,3.5
319,5,51,3354.0,55.9,1.4924963426130777,3.5
320,5,52,1231.578947368421,20.526315789473685,1.8144499783270234,1.75
321,5,53,1380.0,23.0,1.8614186756946987,1.75
325,5,60,870.0,14.5,1.2786425180850396,1.75
330,6,2,2203.6363636363635,36.72727272727273,1.5312287654529344,3.5
332,6,4,1163.2941176470588,19.388235294117646,2.38470825717108,1.75
334,6,7,622.2857142857143,10.371428571428572,0.5053282280467976,1.75
341,6,14,741.9512195121952,12.365853658536585,0.9599579106401297,1.75
343,6,16,535.2380952380952,8.920634920634921,0.9509548054659752,1.75
344,6,17,666.3414634146342,11.105691056910569,1.0338903516817577,1.75
345,6,18,1387.7777777777778,23.12962962962963,0.7393436696125216,1.75
346,6,19,2088.0,34.8,1.0630025157499514,3.5
347,6,20,499.971181556196,8.332853025936599,0.6854134086768412,1.75
355,6,28,628.2352941176471,10.470588235294118,1.3140137026431256,1.75
356,6,29,1650.0,27.5,2.382855797579867,1.75
359,6,32,774.1935483870968,12.903225806451612,0.9385521501392141,1.75
360,6,33,11860.0,197.66666666666666,2.869466303128648,12.25
362,6,35,714.0983606557377,11.901639344262295,1.3291561073447609,1.75
363,6,36,3641.6666666666665,60.69444444444444,1.7142883011051433,5.25
364,6,37,3404.0,56.733333333333334,2.2824913798301414,3.5
365,6,39,1248.5714285714287,20.80952380952381,1.6959378510221546,1.75
366,6,40,752.7777777777778,12.546296296296296,1.6826287015034467,1.75
370,6,44,2400.0,40.0,2.387105592748764,3.5
372,6,46,1033.953488372093,17.232558139534884,0.9897179526872397,1.75
376,6,50,813.8613861386139,13.564356435643564,0.666133597567158,1.75
377,6,51,817.4117647058823,13.623529411764705,1.5354417916639356,1.75
378,6,52,916.4285714285714,15.273809523809524,1.1630870941540103,1.75
379,6,53,1373.525179856115,22.892086330935253,1.055402161581553,1.75
383,6,57,1147.0588235294117,19.11764705882353,1.935042457627199,1.75
386,6,60,1140.0,19.0,2.598831953052977,1.75
440,8,2,509.25,8.4875,0.7969379871379829,1.75
442,8,4,1050.0,17.5,0.779248581836354,1.75
445,8,7,1005.0,16.75,1.7520757180580382,1.75
451,8,14,660.0,11.0,1.63696596599231,1.75
453,8,16,1272.0,21.2,2.2204025380451666,1.75
454,8,17,1200.0,20.0,1.2163257667827354,1.75
455,8,18,705.0,11.75,1.8220118362293714,1.75
456,8,19,774.5454545454545,12.909090909090908,1.2197242055275959,1.75
457,8,20,960.0,16.0,1.5670804569095829,1.75
465,8,28,890.0,14.833333333333334,1.0026301675248146,1.75
466,8,29,675.0,11.25,1.0834436091864519,1.75
468,8,33,795.0,13.25,0.6257984977347947,1.75
470,8,35,934.2857142857143,15.571428571428571,1.395185649493446,1.75
471,8,36,916.3636363636364,15.272727272727273,0.5618211879196818,1.75
472,8,37,750.0,12.5,0.8027893018555626,1.75
473,8,40,626.25,10.4375,0.6957122942020095,1.75
477,8,44,405.0,6.75,0.6451504612753345,1.75
479,8,46,1090.0,18.166666666666668,1.4312735962697392,1.75
482,8,50,780.0,13.0,2.7302377530121182,1.75
483,8,51,6617.142857142857,110.28571428571429,0.8155260896255291,7.0
484,8,52,2581.4285714285716,43.023809523809526,1.1861662233674206,3.5
485,8,53,1202.2222222222222,20.037037037037038,1.1897297230573518,1.75
489,8,57,927.0,15.45,0.9016831045740112,1.75
491,8,60,1037.142857142857,17.285714285714285,1.0314399005460866,1.75
495,9,2,594.5454545454545,9.909090909090908,1.263785987933529,1.75
497,9,4,600.0,10.0,0.5092334269467013,1.75
500,9,7,998.8235294117648,16.647058823529413,2.09544271043743,1.75
506,9,14,14676.0,244.6,2.097447740987965,15.75
508,9,16,6015.0,100.25,2.6852807954459608,7.0
509,9,17,657.9310344827586,10.96551724137931,1.569521538214059,1.75
510,9,18,17910.0,298.5,2.2638625634141216,17.5
511,9,19,840.0,14.0,1.5387785289996052,1.75
512,9,20,857.3684210526316,14.289473684210526,1.9143697711006344,1.75
519,9,28,862.8571428571429,14.380952380952381,1.2925020145867463,1.75
522,9,32,1188.0,19.8,1.7520540318348305,1.75
523,9,33,274.44976076555025,4.574162679425838,0.46921043483323566,1.75
525,9,35,830.0,13.833333333333334,1.8840134847918517,1.75
526,9,36,429.09090909090907,7.151515151515151,0.8919103954570513,1.75
527,9,37,998.1818181818181,16.636363636363637,1.2540204840119118,1.75
528,9,39,1155.0,19.25,1.978129603050327,1.75
529,9,40,900.0,15.0,0.9269236308952944,1.75
533,9,44,954.5454545454545,15.909090909090908,0.37786379061459685,1.75
535,9,46,973.3333333333334,16.22222222222222,1.6890031588166838,1.75
539,9,50,1414.2857142857142,23.571428571428573,3.137989258926558,1.75
540,9,51,745.7142857142857,12.428571428571429,1.0736096226212386,1.75
541,9,52,672.0,11.2,1.6334629878582008,1.75
542,9,53,1096.875,18.28125,1.573744814868584,1.75
546,9,57,480.0,8.0,0.8863601131191129,1.75
548,9,60,517.5,8.625,0.6651636886932369,1.75
554,10,4,750.0,12.5,1.1510444547409562,1.75
557,10,7,1080.0,18.0,2.970277698964354,1.75
564,10,17,7032.0,117.2,2.453080092740048,7.0
565,10,19,780.0,13.0,2.4128045608726887,1.75
572,10,28,913.8461538461538,15.23076923076923,2.1618646085102147,1.75
575,10,33,450.0,7.5,0.8721277134013058,1.75
577,10,36,1020.0,17.0,1.7814485892599543,1.75
578,10,37,1094.1176470588234,18.235294117647058,1.9648226560971773,1.75
579,10,39,1560.0,26.0,2.6072831265794414,1.75
580,10,40,1968.0,32.8,1.7931768287118497,3.5
588,10,51,989.0322580645161,16.483870967741936,1.9405078108829912,1.75
589,10,53,2077.5,34.625,2.4638756682920038,3.5
593,10,57,920.0,15.333333333333334,1.628679002408954,1.75
595,10,60,900.0,15.0,1.059935840363567,1.75
654,12,2,1746.5217391304348,29.108695652173914,1.7963599532151346,1.75
657,12,7,940.8,15.68,0.9565398737515225,1.75
663,12,14,1006.6666666666666,16.77777777777778,1.7171412891026232,1.75
665,12,16,910.0,15.166666666666666,1.9637862772699177,1.75
666,12,17,800.2325581395348,13.337209302325581,1.2033196671899165,1.75
667,12,18,1328.5714285714287,22.142857142857142,1.5928800798294884,1.75
668,12,19,877.3333333333334,14.622222222222222,1.1148136520811287,1.75
669,12,20,735.0,12.25,1.0219886759580983,1.75
677,12,28,1424.1025641025642,23.735042735042736,1.2401303549679572,1.75
678,12,29,1932.0,32.2,2.7959239952674353,3.5
681,12,32,650.4545454545455,10.840909090909092,1.3827193000033484,1.75
682,12,33,2508.0,41.8,2.766811333567868,3.5
684,12,35,934.2857142857143,15.571428571428571,1.9732728789336158,1.75
685,12,36,3094.8387096774195,51.58064516129032,1.6583869576739287,3.5
686,12,37,3270.0,54.5,2.5991947725666606,3.5
687,12,39,1491.4285714285713,24.857142857142858,0.7223788983650294,1.75
688,12,40,907.012987012987,15.116883116883116,1.5114897796525313,1.75
691,12,44,1200.0,20.0,2.040396345553216,1.75
692,12,46,572.4324324324324,9.54054054054054,0.8339099086618653,1.75
696,12,50,1303.6363636363637,21.727272727272727,1.706137713446091,1.75
697,12,51,827.1428571428571,13.785714285714286,1.393879736845833,1.75
698,12,52,1157.7777777777778,19.296296296296298,1.6069267440527921,1.75
699,12,53,1113.5172413793102,18.55862068965517,1.3161733513642015,1.75
703,12,57,793.3333333333334,13.222222222222221,1.5019091063246395,1.75
811,15,2,2574.0,42.9,2.036344193348504,3.5
813,15,4,780.0,13.0,1.1472175781275795,1.75
819,15,17,5880.0,98.0,2.380075757510111,7.0
820,15,18,660.0,11.0,3.0560126683663964,1.75
821,15,20,7920.0,132.0,2.725055294223994,8.75
827,15,28,3214.285714285714,53.57142857142857,2.1009464008912024,3.5
828,15,29,1275.0,21.25,2.023216452365322,1.75
831,15,32,1080.0,18.0,2.554955144630964,1.75
832,15,33,1984.2857142857142,33.07142857142857,0.7073545379497148,3.5
834,15,36,1980.0,33.0,1.70137330576757,3.5
835,15,37,2916.0,48.6,1.8006757192664726,3.5
836,15,40,7050.0,117.5,1.7335283517170257,7.0
839,15,44,797.6470588235294,13.294117647058824,1.0789690824270861,1.75
841,15,46,1786.6666666666667,29.77777777777778,2.4879889114958478,1.75
845,15,50,1860.0,31.0,3.9443895112988776,3.5
846,15,51,1890.0,31.5,1.8808510476085831,3.5
847,15,52,1293.3333333333333,21.555555555555557,2.4209024158035275,1.75
848,15,53,1344.0,22.4,2.381711798550788,1.75
852,15,57,900.0,15.0,1.6154878620035569,1.75
854,15,60,855.0,14.25,1.1023864114050141,1.75
1244,23,2,3345.0,55.75,0.9301584293647546,3.5
1246,23,4,500.0,8.333333333333334,0.3913895709819984,1.75
1249,23,7,3210.0,53.5,1.6375703879733858,3.5
1256,23,14,660.0,11.0,1.7221461264271085,1.75
1258,23,16,1122.0,18.7,2.3074482423066853,1.75
1259,23,17,580.0,9.666666666666666,1.1220269268839893,1.75
1260,23,18,1515.0,25.25,1.8634218497323367,1.75
1261,23,19,1392.0,23.2,1.0797706852192497,1.75
1262,23,20,1145.4545454545455,19.09090909090909,1.459445990023618,1.75
1269,23,28,3073.6363636363635,51.22727272727273,0.8296013407564814,3.5
1270,23,29,1320.0,22.0,1.4957612713630382,1.75
1273,23,33,586.1538461538462,9.76923076923077,0.8658035975709814,1.75
1275,23,35,660.0,11.0,1.5676654168808248,1.75
1276,23,36,800.0,13.333333333333334,0.4699823149067148,1.75
1277,23,40,1820.0,30.333333333333332,0.46112010077641935,3.5
1281,23,44,454.2857142857143,7.571428571428571,0.29874987847178913,1.75
1283,23,46,585.0,9.75,1.2180549787551502,1.75
1287,23,51,560.0,9.333333333333334,0.6086375135869697,1.75
1288,23,52,1292.7272727272727,21.545454545454547,1.2533701123927175,1.75
1289,23,53,1011.25,16.854166666666668,1.1420233990346023,1.75
1293,23,57,285.0,4.75,0.47985594608654375,1.75
1296,23,60,1110.0,18.5,0.6678699914631122,1.75
1301,24,2,477.39130434782606,7.956521739130435,1.08706050771591,1.75
1303,24,4,5960.0,99.33333333333333,0.84579527324247,7.0
1306,24,7,990.0,16.5,2.0613285626042703,1.75
1313,24,14,870.0,14.5,1.9224084438832327,1.75
1315,24,16,1353.3333333333333,22.555555555555557,2.5002819812601342,1.75
1316,24,17,1215.0,20.25,1.5255195842565676,1.75
1317,24,18,630.0,10.5,2.116012566506188,1.75
1318,24,19,1234.2857142857142,20.571428571428573,1.5267917878978179,1.75
1319,24,20,1489.655172413793,24.82758620689655,1.8763214609130243,1.75
1326,24,28,1952.608695652174,32.54347826086956,1.3046612457003879,3.5
1327,24,29,720.0,12.0,1.1473954573291374,1.75
1329,24,32,14400.0,240.0,1.645538861150296,15.75
1330,24,33,398.5074626865672,6.641791044776119,0.31795713910118467,1.75
1332,24,35,1180.0,19.666666666666668,1.6558028051803015,1.75
1333,24,36,874.2857142857143,14.571428571428571,0.864631433765223,1.75
1334,24,37,426.88524590163934,7.114754098360656,0.8862734328206733,1.75
1335,24,39,2340.0,39.0,2.1991607475802164,3.5
1336,24,40,711.0,11.85,0.9789853660238352,1.75
1340,24,44,1090.0,18.166666666666668,0.7024404779761623,1.75
1342,24,46,875.4545454545455,14.590909090909092,1.730773239700856,1.75
1346,24,50,3882.8571428571427,64.71428571428571,3.032617414227533,5.25
1347,24,51,3570.0,59.5,1.1087476190738204,3.5
1348,24,52,502.6666666666667,8.377777777777778,1.4816190410885122,1.75
1349,24,53,1049.0,17.483333333333334,1.4984529299731295,1.75
1353,24,57,608.5714285714286,10.142857142857142,1.1032327841962621,1.75
1418,26,2,2550.0,42.5,2.1009542408812787,3.5
1421,26,7,913.6363636363636,15.227272727272727,1.523867851611781,1.75
1427,26,14,934.2857142857143,15.571428571428571,2.2451820587671514,1.75
1428,26,17,886.6666666666666,14.777777777777779,1.5859702508584708,1.75
1429,26,19,846.6666666666666,14.11111111111111,1.4686707443107474,1.75
1430,26,20,720.0,12.0,1.530076528732037,1.75
1437,26,28,3450.0,57.5,1.4836010989836248,3.5
1438,26,29,1530.0,25.5,3.0817016645740867,1.75
1441,26,32,2889.230769230769,48.15384615384615,1.83908019583739,3.5
1442,26,33,1404.0,23.4,2.7490740358273573,1.75
1444,26,35,1215.0,20.25,2.433464877146175,1.75
1445,26,36,4020.0,67.0,1.8079590065582234,5.25
1446,26,37,1640.0,27.333333333333332,2.8460649251190624,1.75
1447,26,39,826.6666666666666,13.777777777777779,0.32128530436463043,1.75
1448,26,40,3788.2758620689656,63.13793103448276,1.6196934465038066,5.25
1452,26,46,1083.3333333333333,18.055555555555557,1.2005955490583755,1.75
1456,26,50,1560.0,26.0,2.3769344175565843,1.75
1457,26,51,759.0,12.65,1.5509348050300482,1.75
1458,26,52,1644.7058823529412,27.41176470588235,2.0243852944969127,1.75
1459,26,53,1725.0,28.75,1.7103333901082087,1.75
1463,26,57,1452.0,24.2,1.4221553838029029,1.75
1465,26,60,1080.0,18.0,1.854761533980916,1.75
1470,27,2,1314.0,21.9,2.431430042359817,1.75
1472,27,4,1050.0,17.5,1.9265854822332584,1.75
1474,27,7,1060.0,17.666666666666668,1.9509794254153816,1.75
1481,27,14,855.0,14.25,2.6550280880855235,1.75
1482,27,16,1968.0,32.8,3.0085985182782133,3.5
1483,27,17,1710.0,28.5,1.9617854291345398,1.75
1484,27,18,930.0,15.5,2.587880400838409,1.75
1485,27,19,798.0,13.3,1.8396512249121493,1.75
1486,27,20,2990.769230769231,49.84615384615385,1.9437291020050482,3.5
1493,27,28,1082.4,18.04,1.8140081306200084,1.75
1494,27,29,1320.0,22.0,3.3831205864566885,1.75
1497,27,32,1080.0,18.0,2.2320033411646807,1.75
1498,27,33,1740.0,29.0,2.8938567175483825,1.75
1500,27,35,1320.0,22.0,2.8187483861147733,1.75
1501,27,36,1608.0,26.8,2.080194317974025,1.75
1502,27,37,990.0,16.5,3.1327059248094327,1.75
1503,27,39,1308.0,21.8,0.6033588040739015,1.75
1504,27,40,685.0,11.416666666666666,1.8827349249616647,1.75
1508,27,46,1272.6315789473683,21.210526315789473,1.5885116239056811,1.75
1512,27,50,1546.6666666666667,25.77777777777778,2.8140949000955713,1.75
1513,27,51,2376.0,39.6,1.8411077235626767,3.5
1514,27,52,1146.0,19.1,2.400494959952389,1.75
1515,27,53,1221.8181818181818,20.363636363636363,2.086025144898301,1.75
1519,27,57,925.2631578947369,15.421052631578947,1.6003409542345928,1.75
1695,31,2,2280.0,38.0,2.1477102100883685,3.5
1697,31,4,1620.0,27.0,0.8447582501166027,1.75
1700,31,7,1410.0,23.5,2.67430598894974,1.75
1705,31,14,1320.0,22.0,2.914389458858728,1.75
1707,31,20,2700.0,45.0,2.5200625545600857,3.5
1715,31,28,1950.0,32.5,1.9079044603521005,3.5
1716,31,29,1920.0,32.0,2.5656281826832066,3.5
1717,31,33,1090.909090909091,18.181818181818183,1.3687753999758632,1.75
1718,31,36,7320.0,122.0,1.6678417553129237,8.75
1719,31,39,1170.0,19.5,1.9416689890724104,1.75
1720,31,40,1800.0,30.0,1.5799596126706064,3.5
1724,31,44,1980.0,33.0,0.9203720451358137,3.5
1726,31,46,1420.0,23.666666666666668,2.1713810732280443,1.75
1729,31,51,900.0,15.0,1.7063776418868004,1.75
1733,31,57,880.0,14.666666666666666,1.2309084064728355,1.75
1735,31,60,970.9090909090909,16.181818181818183,0.5804827866083438,1.75
1847,34,2,932.1428571428571,15.535714285714286,1.7805232269235136,1.75
1851,34,7,733.3333333333334,12.222222222222221,1.202847536906377,1.75
1857,34,14,1234.2857142857142,20.571428571428573,1.913455898830938,1.75
1858,34,16,2046.6666666666667,34.111111111111114,2.261726731284355,3.5
1859,34,17,5294.285714285715,88.23809523809524,1.2532454374224078,5.25
1860,34,18,888.0,14.8,1.839953404521157,1.75
1861,34,19,861.7241379310345,14.362068965517242,1.1373242916225692,1.75
1862,34,20,1942.9411764705883,32.38235294117647,1.1992519471676995,3.5
1870,34,28,961.0714285714286,16.017857142857142,1.1672167131970943,1.75
1871,34,29,1790.0,29.833333333333332,2.7691290278024057,1.75
1873,34,32,861.4285714285714,14.357142857142858,1.504650221998144,1.75
1874,34,33,1340.8695652173913,22.347826086956523,2.524723836516057,1.75
1875,34,35,1230.0,20.5,2.0992239846041403,1.75
1876,34,36,1280.8695652173913,21.347826086956523,1.51815188074678,1.75
1877,34,37,1436.6666666666667,23.944444444444443,2.540975721094957,1.75
1878,34,39,6583.846153846154,109.73076923076923,0.25800871608168935,7.0
1879,34,40,937.4025974025974,15.623376623376624,1.338369901610906,1.75
1882,34,44,2850.0,47.5,1.7359633529708625,3.5
1883,34,46,792.8571428571429,13.214285714285714,0.8666403774219786,1.75
1887,34,50,940.0,15.666666666666666,2.1156932603630314,1.75
1888,34,51,1742.0,29.033333333333335,1.2547763567320038,1.75
1889,34,52,930.5882352941177,15.509803921568627,1.6911612375781135,1.75
1890,34,53,1674.8275862068965,27.913793103448278,1.3774579379711478,1.75
1894,34,57,710.7692307692307,11.846153846153847,1.2047348781064158,1.75
1897,34,60,925.7142857142857,15.428571428571429,1.722967000192916,1.75
2198,41,2,504.0,8.4,1.5415422751003454,1.75
2200,41,4,440.0,7.333333333333333,0.853760651784422,1.75
2208,41,14,1530.0,25.5,2.381385447266579,1.75
2210,41,16,1080.0,18.0,2.9639644657213764,1.75
2211,41,17,825.0,13.75,1.9167000934328442,1.75
2212,41,18,826.829268292683,13.78048780487805,2.5653668471091122,1.75
2213,41,19,1230.0,20.5,1.8969758112424548,1.75
2214,41,20,1110.0,18.5,2.2658310223322853,1.75
2221,41,28,810.0,13.5,1.6556737446604508,1.75
2222,41,29,747.0,12.45,1.5720467330436718,1.75
2225,41,33,322.9166666666667,5.381944444444445,0.2593608474080472,1.75
2226,41,35,3000.0,50.0,2.1282862158118627,3.5
2227,41,36,420.0,7.0,1.2363745792670529,1.75
2228,41,37,727.5,12.125,1.3311807083827276,1.75
2229,41,38,120.0,2.0,0.31595699635150765,1.75
2232,41,44,445.7142857142857,7.428571428571429,0.7406733824008463,1.75
2234,41,46,825.0,13.75,2.062090750924093,1.75
2237,41,50,1280.0,21.333333333333332,3.46477574621303,1.75
2238,41,51,29480.0,491.3333333333333,1.440589846541786,29.75
2239,41,52,613.3333333333334,10.222222222222221,1.9295919520515337,1.75
2240,41,53,680.0,11.333333333333334,1.908321870180557,1.75
2244,41,57,660.0,11.0,1.2668248442412773,1.75
2250,42,2,3580.0,59.666666666666664,1.9525511460451288,3.5
2252,42,4,1410.0,23.5,1.3003820006780908,1.75
2259,42,14,10340.0,172.33333333333334,2.7846430983939547,10.5
2261,42,17,1122.0,18.7,2.371536563544366,1.75
2262,42,18,1644.0,27.4,2.981612553248233,1.75
2263,42,20,1120.0,18.666666666666668,2.7221569167143485,1.75
2268,42,28,1500.0,25.0,2.1212704273347933,1.75
2269,42,29,3660.0,61.0,1.7806158582050988,5.25
2271,42,32,1260.0,21.0,2.5091813459828396,1.75
2272,42,33,2002.5,33.375,0.5512639719334764,3.5
2273,42,35,1020.0,17.0,2.5013725207434883,1.75
2274,42,36,780.0,13.0,1.694340963708415,1.75
2275,42,37,1238.1818181818182,20.636363636363637,1.5864434296317989,1.75
2276,42,40,1100.0,18.333333333333332,1.7656345575709789,1.75
2278,42,44,2328.0,38.8,1.2002763722871086,3.5
2282,42,50,3570.0,59.5,3.898111883893698,3.5
2283,42,51,1480.0,24.666666666666668,1.9086299628031964,1.75
2284,42,52,1480.0,24.666666666666668,2.347711190422394,1.75
2285,42,53,1170.0,19.5,2.3547407474189246,1.75
2293,43,2,10896.0,181.6,2.2509270041812726,12.25
2297,43,7,3885.0,64.75,1.7999796453994235,5.25
2303,43,14,1290.0,21.5,2.4912893839025254,1.75
2305,43,16,1290.0,21.5,2.8605349104956264,1.75
2306,43,17,1221.8181818181818,20.363636363636363,1.7883057709186878,1.75
2307,43,18,1170.0,19.5,2.4321830016761505,1.75
2308,43,19,1211.6129032258063,20.193548387096776,1.6653537956773041,1.75
2309,43,20,1507.5,25.125,1.7834631847142361,1.75
2317,43,28,1102.7586206896551,18.379310344827587,1.634187621403827,1.75
2318,43,29,30040.0,500.6666666666667,3.201456200879416,29.75
2321,43,32,1152.0,19.2,2.062453742872367,1.75
2322,43,33,1680.0,28.0,2.726892636193355,1.75
2324,43,35,1920.0,32.0,2.645859312507753,3.5
2325,43,36,4492.941176470588,74.88235294117646,1.8986252538533506,5.25
2326,43,37,1118.1818181818182,18.636363636363637,2.9511113757623275,1.75
2327,43,39,1356.0,22.6,0.42838859723025413,1.75
2328,43,40,1109.5652173913043,18.492753623188406,1.7013156638200349,1.75
2329,43,46,948.0,15.8,1.4192594945377583,1.75
2333,43,50,1276.3636363636363,21.272727272727273,2.699616184762259,1.75
2334,43,51,1265.4545454545455,21.09090909090909,1.6594088958070699,1.75
2335,43,52,4524.0,75.4,2.2262631425830945,5.25
2336,43,53,1211.25,20.1875,1.9122654853609877,1.75
2340,43,57,1215.0,20.25,1.4250176910620913,1.75
2396,45,2,1290.0,21.5,1.5408617163410845,1.75
2398,45,4,2430.0,40.5,0.3113559823505679,3.5
2399,45,7,2280.0,38.0,2.189901222486684,3.5
2404,45,17,773.3333333333334,12.88888888888889,1.7015115963640055,1.75
2409,45,28,920.0,15.333333333333334,1.3885847392539576,1.75
2410,45,29,1314.0,21.9,1.9524085420703816,1.75
2413,45,33,789.2307692307693,13.153846153846153,0.8640481266867013,1.75
2415,45,36,1140.0,19.0,1.0815191657069405,1.75
2416,45,37,1725.0,28.75,1.67613386336112,1.75
2417,45,38,540.0,9.0,0.6630735931009515,1.75
2418,45,40,510.0,8.5,1.0311440664490537,1.75
2421,45,44,2040.0,34.0,0.32032831367164,3.5
2422,45,46,1080.0,18.0,1.7205503278285716,1.75
2425,45,51,800.0,13.333333333333334,1.1717570709755163,1.75
2426,45,52,1575.0,26.25,1.8670842306906306,1.75
2427,45,53,978.75,16.3125,1.7371239499424787,1.75
2431,45,60,406.6666666666667,6.777777777777778,0.2598510334681914,1.75
2618,49,2,1485.0,24.75,1.644719023003887,1.75
2622,49,7,612.6315789473684,10.210526315789474,0.7912330916004325,1.75
2628,49,14,705.0,11.75,0.9063769855877614,1.75
2629,49,16,536.4705882352941,8.941176470588236,0.6636632707137592,1.75
2630,49,17,1191.4285714285713,19.857142857142858,1.2554248150806957,1.75
2631,49,18,4791.428571428572,79.85714285714286,0.6664326164260029,5.25
2632,49,19,841.9354838709677,14.03225806451613,1.3163421528295733,1.75
2633,49,20,855.7142857142857,14.261904761904763,0.9398404058152826,1.75
2640,49,28,799.4444444444445,13.324074074074074,1.566269454317126,1.75
2641,49,29,1980.0,33.0,2.3735220412537443,3.5
2643,49,32,882.8571428571429,14.714285714285714,1.071767496741174,1.75
2645,49,35,840.0,14.0,1.2864732910747285,1.75
2646,49,36,2676.0,44.6,1.9221087734297142,3.5
2647,49,39,1380.0,23.0,2.085072613611157,1.75
2648,49,40,1156.3636363636363,19.272727272727273,1.9261095844028058,1.75
2651,49,46,1176.0,19.6,1.308729849224448,1.75
2654,49,50,681.8181818181819,11.363636363636363,0.3272045528552816,1.75
2655,49,51,1101.1764705882354,18.352941176470587,1.7830702713202815,1.75
2656,49,52,8780.0,146.33333333333334,1.2501479283329178,8.75
2657,49,53,1308.5714285714287,21.80952380952381,1.23988291984582,1.75
2661,49,57,1470.0,24.5,2.2287636037497616,1.75
3007,56,2,793.8461538461538,13.23076923076923,0.9648322788505036,1.75
3009,56,4,400.0,6.666666666666667,0.35607144198845236,1.75
3012,56,7,787.5,13.125,1.558479350061247,1.75
3019,56,14,720.0,12.0,1.7146767187526402,1.75
3021,56,16,5415.0,90.25,2.2932739969046816,7.0
3022,56,17,2067.0,34.45,1.0626939302040461,3.5
3023,56,18,2540.0,42.333333333333336,1.8377319238234342,3.5
3024,56,19,2592.0,43.2,1.0044036043352296,3.5
3025,56,20,882.5,14.708333333333334,1.3860606131860134,1.75
3033,56,28,505.88235294117646,8.431372549019608,0.752305840565058,1.75
3036,56,32,1230.0,20.5,1.3014090625896395,1.75
3037,56,33,675.3846153846154,11.256410256410257,1.0211162622229186,1.75
3039,56,35,1185.0,19.75,1.5954326565750803,1.75
3040,56,36,294.54545454545456,4.909090909090909,0.4706539893962377,1.75
3041,56,37,915.0,15.25,1.3430669063651506,1.75
3042,56,39,926.6666666666666,15.444444444444445,1.4140770615212153,1.75
3043,56,40,865.2631578947369,14.421052631578947,0.39232212029013463,1.75
3047,56,44,2760.0,46.0,0.32508436877368424,3.5
3049,56,46,753.3333333333334,12.555555555555555,1.1110892553943226,1.75
3053,56,50,1080.0,18.0,2.6437454211977838,1.75
3054,56,51,537.8181818181819,8.963636363636363,0.5335510110328664,1.75
3055,56,52,966.6666666666666,16.11111111111111,1.2501426908986726,1.75
3056,56,53,821.5384615384615,13.692307692307692,1.0997304966727104,1.75
3059,56,57,340.0,5.666666666666667,0.3163775246376515,1.75
3061,56,60,345.0,5.75,0.6256907223196118,1.75
3120,58,2,1626.6666666666667,27.11111111111111,1.8496811259359294,1.75
3124,58,7,696.0,11.6,1.129589800787665,1.75
3130,58,14,624.0,10.4,1.0348267429540638,1.75
3131,58,16,930.0,15.5,0.573216946030367,1.75
3132,58,17,2880.0,48.0,1.5450978789419794,3.5
3133,58,18,6115.714285714285,101.92857142857143,0.8211453607061853,7.0
3134,58,19,1242.0,20.7,1.621691353203164,1.75
3135,58,20,934.7368421052631,15.578947368421053,1.259028374710366,1.75
3142,58,28,1165.2631578947369,19.42105263157895,1.8650181635365137,1.75
3143,58,29,1140.0,19.0,2.4569574343374936,1.75
3145,58,32,2691.818181818182,44.86363636363637,1.318591518576511,3.5
3147,58,35,756.0,12.6,1.3857247659846679,1.75
3148,58,36,2045.0,34.083333333333336,2.1856967747588163,3.5
3149,58,37,1380.0,23.0,2.4431171201023982,1.75
3150,58,38,1200.0,20.0,3.0655973608673674,1.75
3151,58,40,840.0,14.0,2.2130057861449823,1.75
3155,58,44,1620.0,27.0,2.9262184721254583,1.75
3156,58,46,800.0,13.333333333333334,1.6474154517000839,1.75
3160,58,50,8252.0,137.53333333333333,0.24158826725869742,8.75
3161,58,51,1038.9473684210527,17.31578947368421,2.0749359865364525,1.75
3162,58,52,1030.0,17.166666666666668,1.4544984299630448,1.75
3163,58,53,1385.7142857142858,23.095238095238095,1.5087811323054028,1.75
3169,59,2,1420.0,23.666666666666668,1.7322948648940202,1.75
3171,59,7,519.4871794871794,8.658119658119658,0.7266438627325414,1.75
3176,59,14,615.0,10.25,1.4744966771122412,1.75
3177,59,17,510.0,8.5,1.129669421732585,1.75
3178,59,18,1380.0,23.0,1.312219044040293,1.75
3179,59,19,624.0,10.4,1.0766994660335683,1.75
3180,59,20,1840.5882352941176,30.676470588235293,0.8530338414159545,3.5
3188,59,28,652.5,10.875,1.2678259570967303,1.75
3189,59,29,1200.0,20.0,2.7074581771805875,1.75
3191,59,32,930.0,15.5,1.2258717204731655,1.75
3192,59,33,1320.0,22.0,2.8666043748486643,1.75
3194,59,37,1080.0,18.0,2.542415350550531,1.75
3195,59,39,1440.0,24.0,1.0965717453575965,1.75
3196,59,40,1020.0,17.0,1.5979840319070722,1.75
3198,59,46,480.0,8.0,0.8386137383794581,1.75
3202,59,50,660.0,11.0,1.3128137904385349,1.75
3203,59,51,766.1538461538462,12.76923076923077,1.4613219020957877,1.75
3204,59,52,570.0,9.5,1.4674045342385835,1.75
3205,59,53,540.0,9.0,1.2201941507229452,1.75
3248,61,2,1080.0,18.0,1.846660878792293,1.75
3250,61,4,2088.0,34.8,0.6303272560663717,3.5
3253,61,7,1220.0,20.333333333333332,2.16351456983862,1.75
3259,61,14,1140.0,19.0,2.519196823233402,1.75
3261,61,17,1285.7142857142858,21.428571428571427,1.7799052229764196,1.75
3262,61,20,1157.142857142857,19.285714285714285,2.02718662229355,1.75
3269,61,28,600.0,10.0,1.4626881448023663,1.75
3272,61,32,1560.0,26.0,2.067182982867953,1.75
3273,61,33,1215.0,20.25,1.534190742852633,1.75
3275,61,35,3327.2727272727275,55.45454545454545,2.459684702241592,3.5
3276,61,36,22635.0,377.25,1.3461939796496125,22.75
3277,61,37,1460.0,24.333333333333332,2.205936712483481,1.75
3278,61,39,1144.6153846153845,19.076923076923077,1.3207099226531194,1.75
3279,61,40,709.4117647058823,11.823529411764707,1.2010028196632931,1.75
3282,61,44,820.0,13.666666666666666,0.7698762472459032,1.75
3284,61,46,1260.0,21.0,1.6468297991113765,1.75
3287,61,50,1432.5,23.875,3.2737882506930087,1.75
3288,61,51,630.0,10.5,1.2952797393945774,1.75
3289,61,53,2526.0,42.1,1.8572741524049428,3.5
3293,61,57,3195.0,53.25,0.7778181640397376,3.5
3295,61,60,220.0,3.6666666666666665,0.4232342966857801,1.75
3299,62,2,1083.050847457627,18.050847457627118,1.4462770998517653,1.75
3303,62,7,588.2352941176471,9.803921568627452,0.7069461561108676,1.75
3309,62,14,920.0,15.333333333333334,1.43903403263914,1.75
3310,62,16,968.5714285714286,16.142857142857142,1.7629466765069286,1.75
3311,62,17,2650.5882352941176,44.1764705882353,0.8599002911350788,3.5
3312,62,18,1288.125,21.46875,1.3484458061857096,1.75
3313,62,19,890.8333333333334,14.847222222222221,0.7654883904346419,1.75
3314,62,20,775.3012048192771,12.921686746987952,0.7249539464490165,1.75
3322,62,28,1069.7142857142858,17.82857142857143,0.8880595579615409,1.75
3323,62,29,5772.0,96.2,2.4467753074365626,7.0
3325,62,32,473.84615384615387,7.897435897435898,1.0640140758319008,1.75
3326,62,33,1642.5,27.375,2.436859324228716,1.75
3328,62,35,915.0,15.25,1.6613565269794672,1.75
3329,62,36,1741.132075471698,29.0188679245283,1.3110908209245287,1.75
3330,62,37,2140.0,35.666666666666664,2.247198506706662,3.5
3331,62,39,1892.2222222222222,31.537037037037038,0.7154802556148779,3.5
3332,62,40,965.8823529411765,16.098039215686274,1.1722930927374322,1.75
3336,62,44,2460.0,41.0,1.7432880722499522,3.5
3338,62,46,1421.25,23.6875,0.48245458731673213,1.75
3342,62,50,1230.0,20.5,1.6471382059578528,1.75
3343,62,51,831.4893617021277,13.858156028368795,1.0487614615570384,1.75
3344,62,52,730.6122448979592,12.17687074829932,1.2770058589810387,1.75
3345,62,53,1259.4666666666667,20.99111111111111,0.9767630712937588,1.75
3349,62,57,950.0,15.833333333333334,1.2122072484198367,1.75
3352,62,60,900.0,15.0,1.839130098024195,1.75
